Month,TotalAmount
1,204580.0543896077
2,180117.47259982294
3,199894.32127798354
4,204175.56630340315
5,201296.3675337728
6,194013.24385463103
7,208266.17481076732
8,208426.28885121204
9,210562.08867801933
10,216733.03318584367
11,198924.24329630195
12,196852.1672234409
